sample_id,decision_id,expected,severity,kind,peer_evidence,correct,note
BDD11,d1,"laneTypes=single white, laneStyle=dashed (vạch phân làn giữa)",major,decision,lane_marking [laneDirection=parallel;laneStyle=dashed;laneTypes=single white;needs_review=false;visibility=visible] | lane_marking [laneDirection=parallel;laneStyle=solid;laneTypes=single white;needs_review=false;visibility=visible],1,Đúng vạch đơn trắng nét đứt phân làn giữa
BDD11,d2,geometry: polyline chạy sát tim vạch sai số <= 3px,minor,geometry,lane_marking [laneDirection=parallel;laneStyle=dashed;laneTypes=single white;needs_review=false;visibility=visible] | lane_marking [laneDirection=parallel;laneStyle=solid;laneTypes=single white;needs_review=false;visibility=visible],1,Polyline bám sát tâm vạch sai số < 2px
BDD12,d1,visibility=faded (vạch tim đường bị mòn),major,decision,lane_marking [laneDirection=parallel;laneStyle=solid;laneTypes=single yellow;needs_review=true;visibility=faded],1,Gán đúng thuộc tính visibility=faded cho vạch mòn
BDD12,d2,needs_review=true,critical,decision,lane_marking [laneDirection=parallel;laneStyle=solid;laneTypes=single yellow;needs_review=true;visibility=faded],1,Đã bật cờ needs_review=true do vạch chắp vá bất thường
BDD14,d1,geometry: polyline dừng ngay mép sau xe tải không nối xuyên qua,critical,geometry,lane_marking [laneDirection=parallel;laneStyle=solid;laneTypes=single white;needs_review=false;visibility=visible],1,"Dừng polyline đúng mép sau thân xe tải, không nối xuyên qua"
BDD14,d2,"laneTypes=single white, laneStyle=solid (vạch mép phải)",minor,decision,lane_marking [laneDirection=parallel;laneStyle=solid;laneTypes=single white;needs_review=false;visibility=visible],1,Đúng vạch đơn trắng nét liền mép đường
BDD17,d1,IGNORE vệt nước mưa phản chiếu ánh sáng,critical,decision,lane_marking [laneDirection=parallel;laneStyle=dashed;laneTypes=single white;needs_review=false;visibility=faded],1,Bỏ qua chính xác các vệt nước phản chiếu ánh sáng giả mạo
BDD17,d2,visibility=faded (vạch thực tế dưới trời mưa),major,decision,lane_marking [laneDirection=parallel;laneStyle=dashed;laneTypes=single white;needs_review=false;visibility=faded],1,Gán đúng vạch thực tế dưới mưa là faded
BDD19,d1,laneStyle=solid (vạch ranh giới tách làn gore area),critical,decision,lane_marking [laneDirection=parallel;laneStyle=solid;laneTypes=single white;needs_review=false;visibility=visible]×2,1,Gán đúng laneStyle=solid cho viền gore area
BDD19,d2,geometry: polyline chỉ bám biên ngoài gore không rẽ theo nét chéo,major,geometry,lane_marking [laneDirection=parallel;laneStyle=solid;laneTypes=single white;needs_review=false;visibility=visible]×2,1,"Vẽ đúng 2 polyline viền ngoài gore, không vẽ sọc chéo bên trong"
